,Fund Name,P1,P2,P3,P4,P5,Topsis Score,Rank
0,M1,0.3510774374599885,0.6888011751031856,0.4214336606940341,0.3225390836415167,0.671984575109569,0.4868055592043298,5
1,M2,0.3803338905816542,0.8052182751206254,0.4403038246057073,0.2428619703428997,0.5396158899410438,0.39692893544413815,7
2,M3,0.33017997094451296,0.6014883500901058,0.30192262258677066,0.35778088375436645,0.7061442357982206,0.5121992634549287,3
3,M4,0.3260004776414179,0.5917869250886524,0.402563496782361,0.324837461909746,0.6698495963165283,0.5554519338474124,2
4,M5,0.3928723704909395,0.8537254001278921,0.22644196694007804,0.4765304276128821,0.9025622847579675,0.41786290988747005,6
5,M6,0.36779541067236887,0.7470097251119056,0.40885355141958535,0.3945549360460358,0.7958133451059312,0.4922802153576753,4
6,M7,0.27584655800427665,0.42686270006394605,0.33337289577289264,0.3746356577213816,0.7381689176938315,0.6530511138200572,1
7,M8,0.3886928771878444,0.8343225501249855,0.21386185766562923,0.28346665308161795,0.5631006566644919,0.2807820906386415,8
